<?xml version="1.0"?>
<!DOCTYPE hibernate-mapping PUBLIC
        "-//Hibernate/Hibernate Mapping DTD 3.0//EN"
        "http://www.hibernate.org/dtd/hibernate-mapping-3.0.dtd">

<hibernate-mapping>

    <class name="com.hw.entity.Account" table="account">
        <id name="id" column="id">
            <generator class="uuid"/>
        </id>

        <property name="name" column="name"/>
        <property name="pass" column="pass"/>
        <property name="balance" column="balance"/>
        
       	<one-to-one name="emp" property-ref="account"></one-to-one>

    </class>

</hibernate-mapping>