<?xml version="1.0"?>
<!DOCTYPE hibernate-mapping PUBLIC
        "-//Hibernate/Hibernate Mapping DTD 3.0//EN"
        "http://www.hibernate.org/dtd/hibernate-mapping-3.0.dtd">

<hibernate-mapping>

    <class name="com.hw.entity.Course" table="course">
        <id name="id" column="id">
            <generator class="native"/>
        </id>
        <property name="name" column="name"/>
        
       	<set name="students" table="stu_course">
       		<key column="course_id"></key>
       		<many-to-many column="student_id" class="com.hw.entity.Student"></many-to-many>
       	</set>

    </class>

</hibernate-mapping>