<?xml version="1.0"?>
<!DOCTYPE hibernate-mapping PUBLIC
        "-//Hibernate/Hibernate Mapping DTD 3.0//EN"
        "http://www.hibernate.org/dtd/hibernate-mapping-3.0.dtd">

<hibernate-mapping>

    <class name="com.hw.entity.Student" table="student">
        <id name="id" column="id">
            <generator class="native"/>
        </id>
        <property name="name" column="name"/>
        <property name="gender" column="gender"/>
        
       	<set name="courses" table="stu_course">
       		<key column="student_id"></key>
       		<many-to-many column="course_id" class="com.hw.entity.Course"></many-to-many>
       	</set>

    </class>

</hibernate-mapping>