<?xml version="1.0"?>
<!DOCTYPE hibernate-mapping PUBLIC
        "-//Hibernate/Hibernate Mapping DTD 3.0//EN"
        "http://www.hibernate.org/dtd/hibernate-mapping-3.0.dtd">


<hibernate-mapping >

    <class name="com.sky.entitys.Car" table="car">

        <id name="id" column="id">
            <generator class="native"/>
        </id>
        <property name="carName" column="carName"/>
        <property name="privce" column="privce"/>
        <property name="massage" column="massage"/>
        <property name="imageFilePath" column="imageFilePath"></property>
        <property name="stock" column="stock"></property>
        <set name="orderSet">
          <key column="Car_id"></key>
          <one-to-many class="com.sky.entitys.Car_Order"/>
        </set>
        
        
    </class>

</hibernate-mapping>