<?xml version="1.0"?>
<!DOCTYPE hibernate-mapping PUBLIC
        "-//Hibernate/Hibernate Mapping DTD 3.0//EN"
        "http://www.hibernate.org/dtd/hibernate-mapping-3.0.dtd">


<hibernate-mapping >

    <class name="com.sky.entitys.Car_Order" table="car_order">

        <id name="id" column="id">
            <generator class="native"/>
        </id>
        <property name="closingTime" column="closingTime"/>
        <property name="status" column="status"/>
        <property name="price" column="price"/>
        <many-to-one name="user" column="username"></many-to-one>
        <many-to-one name="car" column="Car_id"></many-to-one>
        
    </class>

</hibernate-mapping>