<?xml version="1.0"?>
<!DOCTYPE hibernate-mapping PUBLIC
        "-//Hibernate/Hibernate Mapping DTD 3.0//EN"
        "http://www.hibernate.org/dtd/hibernate-mapping-3.0.dtd">


<hibernate-mapping >
    <class name="com.sky.entitys.User" table="user">
        <id name="username" column="username">
        <!-- 主键生成策略 -->
            <generator class="assigned"/>
        </id>
        <property name="realName" column="realName"/>
        <property name="password" column="password"/>
        <property name="telphone" column="telphone"/>
        <property name="status" column="status"></property>
        <set name="orderSet">
          <key column="username"></key>
          <one-to-many class="com.sky.entitys.Car_Order"/>
        </set>
    </class>
</hibernate-mapping>