<?xml version="1.0" encoding="UTF-8" ?>
<!DOCTYPE struts PUBLIC
    "-//Apache Software Foundation//DTD Struts Configuration 2.3//EN"
    "http://struts.apache.org/dtds/struts-2.3.dtd">
<struts>
  <package name="car" namespace="/" extends="default">
    <interceptors>
      <interceptor name="first" class="com.sky.intercepter.FirstIntercepter"></interceptor>
    </interceptors>
    <action name="car_*" method="{1}" class="com.sky.action.CarAction">
      <interceptor-ref name="first"></interceptor-ref>
      <interceptor-ref name="defaultStack"></interceptor-ref>
      <result>/index.jsp</result>
      <result name="register_failed">/register.jsp</result>
      <result name="failed">/Login.jsp</result>
      <result name="login">/Login.jsp</result>
      <result name="manager">/car.jsp</result>
      <result name="show">/index.jsp</result>
      <result name="detail">/carDetail.jsp</result>
      <result name="user_info">/user_info.jsp</result>
    </action>
  </package>
</struts>