<?xml version="1.0" encoding="UTF-8" ?>
<!DOCTYPE struts PUBLIC
    "-//Apache Software Foundation//DTD Struts Configuration 2.3//EN"
    "http://struts.apache.org/dtds/struts-2.3.dtd">
<struts>
  <package name="login" namespace="/" extends="default">
    <action name="login_*" method="{1}" class="com.sky.action.LoginAction">
      <result name="register_failed">/register.jsp</result>
      <result name="failed">/Login.jsp</result>
      <result name="show" type="redirect">car_showCar.action</result>
      <result name="manager">/car.jsp</result>
    </action>
  </package>
</struts>