<!DOCTYPE hibernate-configuration PUBLIC "-//Hibernate/Hibernate Configuration DTD 3.0//EN" "http://www.hibernate.org/dtd/hibernate-configuration-3.0.dtd">
<hibernate-configuration>
	<session-factory>
		<property name="hibernate.dialect">org.hibernate.dialect.MySQLDialect</property>
		<property name="hibernate.connection.driver_class">com.mysql.jdbc.Driver</property>
		<property name="hibernate.connection.username">root</property>
		<property name="hibernate.connection.password">root</property>
		<property name="hibernate.connection.url">jdbc:mysql://localhost:3306/test?characterEncoding=UTF8</property>
		<property name="show_sql">true</property>
		
		<!-- <mapping resource="com/hw/entity/Employee.hbm.xml"/>
		<mapping resource="com/hw/entity/Dept.hbm.xml"/>
		<mapping resource="com/hw/entity/Account.hbm.xml"/> -->
		<mapping resource="com/hw/entity/Student.hbm.xml"/>
		<mapping resource="com/hw/entity/Course.hbm.xml"/>
	</session-factory>
</hibernate-configuration>